record_id,learner,val_log_loss,val_f1,val_accuracy,val_precision,val_recall,val_auc,pred_time,config
0,lgbm,0.4609437990635801,0.9334845427983686,0.9336189966077486,0.9362988224047022,0.9336189966077486,0.9679476380881871,5.728005298736414e-07,"{'n_estimators': 4, 'num_leaves': 4, 'min_child_samples': 20, 'learning_rate': 0.09999999999999995, 'log_max_bin': 8, 'colsample_bytree': 1.0, 'reg_alpha': 0.0009765625, 'reg_lambda': 1.0}"
1,lgbm,0.5882654663159504,0.9324279331705454,0.932654883056597,0.9374066774494236,0.932654883056597,0.9655500718460638,5.743193256069647e-07,"{'n_estimators': 4, 'num_leaves': 4, 'min_child_samples': 33, 'learning_rate': 0.03735454900037746, 'log_max_bin': 9, 'colsample_bytree': 0.8085131463835397, 'reg_alpha': 0.0009765625, 'reg_lambda': 0.692397057684401}"
2,lgbm,0.2759697075586445,0.9415270677459313,0.9415390108909123,0.9416913533486743,0.9415390108909123,0.9781418266283642,5.792281687674704e-07,"{'n_estimators': 4, 'num_leaves': 4, 'min_child_samples': 12, 'learning_rate': 0.26770501231052046, 'log_max_bin': 7, 'colsample_bytree': 1.0, 'reg_alpha': 0.001348364934537134, 'reg_lambda': 1.4442580148221913}"
3,xgboost,0.45851975479258633,0.9383249527046379,0.9383324406356008,0.9384015462552506,0.9383324406356008,0.9710231154611746,3.168936649234651e-07,"{'n_estimators': 4, 'max_leaves': 4, 'min_child_weight': 0.9999999999999993, 'learning_rate': 0.09999999999999995, 'subsample': 1.0, 'colsample_bylevel': 1.0, 'colsample_bytree': 1.0, 'reg_alpha': 0.0009765625, 'reg_lambda': 1.0}"
4,lgbm,0.09223642695013279,0.9653025047769526,0.9653061953222639,0.9653699932924351,0.9653061953222639,0.9949498269080497,4.1826987475119537e-07,"{'n_estimators': 12, 'num_leaves': 4, 'min_child_samples': 9, 'learning_rate': 0.7260594590615893, 'log_max_bin': 9, 'colsample_bytree': 0.9285002286474459, 'reg_alpha': 0.0036840681931986645, 'reg_lambda': 0.7532480505730402}"
5,lgbm,0.27596970755864464,0.9415270677459313,0.9415390108909123,0.9416913533486743,0.9415390108909123,0.9781418266283642,3.655819653655946e-07,"{'n_estimators': 4, 'num_leaves': 4, 'min_child_samples': 12, 'learning_rate': 0.2677050123105201, 'log_max_bin': 7, 'colsample_bytree': 1.0, 'reg_alpha': 0.0013483649345371336, 'reg_lambda': 1.444258014822189}"
6,lgbm,0.0843248491334246,0.965442477242394,0.9654490269594715,0.9655989322507256,0.9654490269594715,0.9958517137307568,4.39524501588723e-07,"{'n_estimators': 14, 'num_leaves': 5, 'min_child_samples': 5, 'learning_rate': 0.7590459488450938, 'log_max_bin': 8, 'colsample_bytree': 0.8304072431299575, 'reg_alpha': 0.0019513780315197576, 'reg_lambda': 0.04792552866398477}"
7,lgbm,0.0922364269501328,0.9653025047769526,0.9653061953222639,0.9653699932924351,0.9653061953222639,0.9949498269080497,4.176160434041145e-07,"{'n_estimators': 12, 'num_leaves': 4, 'min_child_samples': 9, 'learning_rate': 0.7260594590615888, 'log_max_bin': 9, 'colsample_bytree': 0.928500228647446, 'reg_alpha': 0.003684068193198664, 'reg_lambda': 0.7532480505730402}"
8,lgbm,0.1270059197137095,0.9498147490182205,0.9498161042670952,0.9498210456098115,0.9498161042670952,0.9881109197298419,3.739659902432671e-07,"{'n_estimators': 4, 'num_leaves': 6, 'min_child_samples': 7, 'learning_rate': 1.0, 'log_max_bin': 8, 'colsample_bytree': 0.8997610526325525, 'reg_alpha': 0.017332423070118022, 'reg_lambda': 0.2474885981934692}"
9,lgbm,0.05467702500731212,0.9819306206360126,0.9819317978932334,0.9819636170424935,0.9819317978932334,0.9984851723584449,7.264679232956447e-07,"{'n_estimators': 53, 'num_leaves': 4, 'min_child_samples': 4, 'learning_rate': 0.4192902549264498, 'log_max_bin': 8, 'colsample_bytree': 0.7610534336273627, 'reg_alpha': 0.0009765625, 'reg_lambda': 0.009280655005879927}"
10,xgboost,0.5863815325975138,0.9329735345762283,0.9331333690412427,0.9363656544483141,0.9331333690412427,0.9687266204512834,9.588164275213132e-08,"{'n_estimators': 4, 'max_leaves': 4, 'min_child_weight': 3.815612027960909, 'learning_rate': 0.03859136192132085, 'subsample': 1.0, 'colsample_bylevel': 0.8148474110627004, 'colsample_bytree': 0.9777234800442423, 'reg_alpha': 0.0009765625, 'reg_lambda': 5.525802807180917}"
11,extra_tree,0.3013611235820659,0.9057344285664665,0.906559542938761,0.9194031445087085,0.906559542938761,0.9370503117895743,2.59393965467941e-07,"{'n_estimators': 4, 'max_features': 0.12803687993289598, 'max_leaves': 4, 'criterion': 'entropy'}"
12,extra_tree,0.22098794005489347,0.9269423462969889,0.927270130333869,0.9337435489052875,0.927270130333869,0.9729317379541949,1.8730735676647447e-07,"{'n_estimators': 4, 'max_features': 0.12409372279250691, 'max_leaves': 13, 'criterion': 'gini'}"
13,rf,0.18902050603370343,0.9261162976378903,0.9262631672915551,0.9288397568537587,0.9262631672915551,0.9717208978139924,1.8628915065825995e-07,"{'n_estimators': 4, 'max_features': 0.12803687993289598, 'max_leaves': 4, 'criterion': 'entropy'}"
14,rf,0.14495138961201412,0.9452784243530087,0.9453311908587753,0.9464933697021328,0.9453311908587753,0.9853189702998723,1.8748784146124157e-07,"{'n_estimators': 4, 'max_features': 0.12409372279250691, 'max_leaves': 13, 'criterion': 'gini'}"
15,xgboost,0.28127473093568495,0.94084174918011,0.9408534190323157,0.9409979497525643,0.9408534190323157,0.9779440968397854,1.4645992443191646e-07,"{'n_estimators': 4, 'max_leaves': 4, 'min_child_weight': 0.26208115308159446, 'learning_rate': 0.25912534572860507, 'subsample': 0.9266743941610592, 'colsample_bylevel': 1.0, 'colsample_bytree': 1.0, 'reg_alpha': 0.0013933617380144255, 'reg_lambda': 0.18096917948292954}"
16,lgbm,0.0850382651474762,0.9659885402925285,0.9659917871808605,0.9660458884089876,0.9659917871808605,0.9955247541778491,4.326592724443738e-07,"{'n_estimators': 15, 'num_leaves': 4, 'min_child_samples': 5, 'learning_rate': 1.0, 'log_max_bin': 8, 'colsample_bytree': 0.8571920610308755, 'reg_alpha': 0.0013805492389047578, 'reg_lambda': 0.01273863928496693}"
17,extra_tree,0.3009268099875385,0.9060350188453351,0.9068452062131762,0.9194864467607404,0.9068452062131762,0.9387811988513975,1.8571194017216512e-07,"{'n_estimators': 4, 'max_features': 0.12803687993289598, 'max_leaves': 4, 'criterion': 'gini'}"
18,lgbm,0.012642693853135085,0.9963149817612339,0.9963149437600428,0.9963169553477526,0.9963149437600428,0.9998299111054394,3.392363079869945e-06,"{'n_estimators': 189, 'num_leaves': 20, 'min_child_samples': 3, 'learning_rate': 0.1740206572672412, 'log_max_bin': 8, 'colsample_bytree': 0.6649148062238498, 'reg_alpha': 0.0009765625, 'reg_lambda': 0.006761362450996484}"
19,xgboost,0.14351456538742738,0.9454348974935444,0.9454383145866809,0.9454623859884856,0.9454383145866809,0.9866220425481387,9.814791755151843e-08,"{'n_estimators': 4, 'max_leaves': 4, 'min_child_weight': 1.8630223791106992, 'learning_rate': 1.0, 'subsample': 0.8513627344387318, 'colsample_bylevel': 1.0, 'colsample_bytree': 0.946138073111236, 'reg_alpha': 0.0018311776973217071, 'reg_lambda': 0.2790165919053837}"
20,xgboost,0.26471821660833733,0.9542752221663678,0.9543010176754151,0.954918638268039,0.9543010176754151,0.9861950480593331,9.950495813387118e-08,"{'n_estimators': 4, 'max_leaves': 8, 'min_child_weight': 0.2620811530815941, 'learning_rate': 0.25775724472262795, 'subsample': 0.9266743941610592, 'colsample_bylevel': 0.9168331919232143, 'colsample_bytree': 1.0, 'reg_alpha': 0.0013933617380144255, 'reg_lambda': 0.1809691794829294}"
21,xgboost,0.17992713647618394,0.9393693969279603,0.9395108016425638,0.9427160658945601,0.9395108016425638,0.9805925130043571,9.9368743269896e-08,"{'n_estimators': 4, 'max_leaves': 4, 'min_child_weight': 0.5873610441060624, 'learning_rate': 0.5305016568114994, 'subsample': 0.8132820472645403, 'colsample_bylevel': 0.8184166881476597, 'colsample_bytree': 0.8110207792444197, 'reg_alpha': 0.002464557255174736, 'reg_lambda': 0.6369900700728733}"
22,lgbm,0.07964421366192137,0.991130349606882,0.9911301553294055,0.9911422314935202,0.9911301553294055,0.996795889054432,1.2918856075418312e-06,"{'n_estimators': 257, 'num_leaves': 25, 'min_child_samples': 2, 'learning_rate': 0.7580647590327112, 'log_max_bin': 9, 'colsample_bytree': 0.6013779332617044, 'reg_alpha': 0.0009765625, 'reg_lambda': 0.0012849550556250724}"
23,lgbm,0.04527317584347915,0.9877090002611177,0.9877093376182825,0.9877168483095113,0.9877093376182825,0.9991684082039057,1.7311019230008103e-06,"{'n_estimators': 139, 'num_leaves': 16, 'min_child_samples': 4, 'learning_rate': 0.03994802395822211, 'log_max_bin': 7, 'colsample_bytree': 0.7284516791859952, 'reg_alpha': 0.001538995396757784, 'reg_lambda': 0.03557791534701299}"
24,xgboost,0.08844949417613607,0.9634320148715116,0.9634351008748437,0.9634790511507246,0.9634351008748437,0.9951939431487145,1.0267195372129418e-07,"{'n_estimators': 12, 'max_leaves': 4, 'min_child_weight': 5.909231502320289, 'learning_rate': 1.0, 'subsample': 0.8894434216129232, 'colsample_bylevel': 1.0, 'colsample_bytree': 1.0, 'reg_alpha': 0.0013605736901132325, 'reg_lambda': 0.12221581185651631}"
25,extra_tree,0.19546065564158058,0.9271857960421733,0.9275415104445635,0.9346616566731488,0.9275415104445635,0.9779716743807791,1.914023161147284e-07,"{'n_estimators': 7, 'max_features': 0.1, 'max_leaves': 11, 'criterion': 'entropy'}"
26,lgbm,0.016744827200417364,0.9945796414986093,0.9945795393679701,0.9945876411462675,0.9945795393679701,0.9997231851311792,3.068355593675376e-06,"{'n_estimators': 318, 'num_leaves': 4, 'min_child_samples': 3, 'learning_rate': 0.3239297756196596, 'log_max_bin': 9, 'colsample_bytree': 0.7330450035989674, 'reg_alpha': 0.0009765625, 'reg_lambda': 0.024113391908612117}"
27,xgboost,0.05989504909625701,0.9767175200096468,0.9767184431351544,0.9767317547699436,0.9767184431351544,0.997845266819245,1.095388855514431e-07,"{'n_estimators': 23, 'max_leaves': 4, 'min_child_weight': 12.035965728320857, 'learning_rate': 1.0, 'subsample': 0.9814787163243813, 'colsample_bylevel': 0.8811171114303163, 'colsample_bytree': 0.8499027725496043, 'reg_alpha': 0.0022085340760961856, 'reg_lambda': 0.5460627024738881}"
28,xgboost,0.09868011122239823,0.9618324838671773,0.9618425281199786,0.9620760962155885,0.9618425281199786,0.9947092779221518,1.1615552256903762e-07,"{'n_estimators': 12, 'max_leaves': 6, 'min_child_weight': 5.90923150232028, 'learning_rate': 0.38946718731417634, 'subsample': 0.8894434216129232, 'colsample_bylevel': 1.0, 'colsample_bytree': 1.0, 'reg_alpha': 0.0013605736901132325, 'reg_lambda': 0.12221581185651631}"
29,xgboost,0.04025071358906242,0.9860456533788228,0.9860453490448134,0.9860574489632191,0.9860453490448134,0.9988720391332984,1.225950802634644e-07,"{'n_estimators': 22, 'max_leaves': 12, 'min_child_weight': 17.348769522050958, 'learning_rate': 1.0, 'subsample': 1.0, 'colsample_bylevel': 0.9088550158793876, 'colsample_bytree': 0.7967145599266738, 'reg_alpha': 0.05680749758595097, 'reg_lambda': 2.756357095973367}"
30,lgbm,0.0191112902257086,0.9944366700225048,0.9944367077307623,0.994437265481055,0.9944367077307623,0.9996974552337092,2.080842099686091e-06,"{'n_estimators': 112, 'num_leaves': 94, 'min_child_samples': 4, 'learning_rate': 0.09348689572544719, 'log_max_bin': 7, 'colsample_bytree': 0.5967846088487322, 'reg_alpha': 0.006958608037974516, 'reg_lambda': 0.0018958768789975853}"
31,lgbm,0.024449177742923895,0.9938725403955834,0.9938725227637922,0.9938726894305249,0.9938725227637922,0.9996936678246311,1.2455214732162783e-06,"{'n_estimators': 164, 'num_leaves': 82, 'min_child_samples': 3, 'learning_rate': 0.6894442865016092, 'log_max_bin': 8, 'colsample_bytree': 0.752448710448512, 'reg_alpha': 0.0009765625, 'reg_lambda': 0.0034732977382676868}"
32,rf,0.19721314825051411,0.9257560025769976,0.9259132297803964,0.9286812569252787,0.9259132297803964,0.968804735750766,1.8686295577275543e-07,"{'n_estimators': 4, 'max_features': 0.12803687993289598, 'max_leaves': 4, 'criterion': 'gini'}"
33,xgboost,0.0693339952565923,0.9739965165526938,0.9739975004463489,0.9740095078193043,0.9739975004463489,0.9969971292738895,1.0986920659658292e-07,"{'n_estimators': 23, 'max_leaves': 4, 'min_child_weight': 12.035965728320843, 'learning_rate': 0.8210689282647788, 'subsample': 0.9661106209889765, 'colsample_bylevel': 0.8811171114303163, 'colsample_bytree': 0.8499027725496043, 'reg_alpha': 0.0022085340760961848, 'reg_lambda': 0.5460627024738881}"
34,lgbm,0.07468659553316866,0.9736641356201658,0.9736689876807713,0.9738173448079508,0.9736689876807713,0.9973655120131847,2.3021742267877665e-06,"{'n_estimators': 218, 'num_leaves': 5, 'min_child_samples': 3, 'learning_rate': 0.043924055574361395, 'log_max_bin': 8, 'colsample_bytree': 0.5773809019991876, 'reg_alpha': 0.001858538296879656, 'reg_lambda': 0.01316213743787658}"
35,rf,0.13929812016970067,0.9409093418330597,0.9410533833244064,0.9444373315459013,0.9410533833244064,0.9891059228484778,1.901831930821505e-07,"{'n_estimators': 7, 'max_features': 0.1, 'max_leaves': 11, 'criterion': 'entropy'}"
36,extra_tree,0.18538922459359264,0.9298116201224179,0.9301196214961615,0.9364821282935913,0.9301196214961615,0.9762794868353755,1.8421187398263842e-07,"{'n_estimators': 4, 'max_features': 0.1516512623919594, 'max_leaves': 13, 'criterion': 'entropy'}"
37,xgboost,0.06324978887202024,0.9768537192306734,0.9768541331905017,0.9768570949477567,0.9768541331905017,0.9974124139099676,1.0788046958254525e-07,"{'n_estimators': 11, 'max_leaves': 9, 'min_child_weight': 3.387349216925779, 'learning_rate': 1.0, 'subsample': 0.8286310106576346, 'colsample_bylevel': 0.8648423578943012, 'colsample_bytree': 0.8954074711475323, 'reg_alpha': 0.1600839598819054, 'reg_lambda': 7.963489222529451}"
38,xgboost,0.0800705428503228,0.9690748298810128,0.9690769505445456,0.9691092646939671,0.9690769505445456,0.9962568003151886,1.2222048938753263e-07,"{'n_estimators': 43, 'max_leaves': 17, 'min_child_weight': 88.85408165928673, 'learning_rate': 0.6413547778096401, 'subsample': 1.0, 'colsample_bylevel': 0.9528676738644739, 'colsample_bytree': 0.6980216487058154, 'reg_alpha': 0.020158745350617662, 'reg_lambda': 0.9540421576799125}"
39,lgbm,0.020853681292263723,0.9940152867614535,0.9940153544009999,0.9940168806496255,0.9940153544009999,0.9997031185452283,2.106019714606104e-06,"{'n_estimators': 109, 'num_leaves': 84, 'min_child_samples': 2, 'learning_rate': 0.15306125012274605, 'log_max_bin': 10, 'colsample_bytree': 0.7463308378914483, 'reg_alpha': 0.0009765625, 'reg_lambda': 0.012698515198279506}"
40,xgboost,0.057880291048213295,0.9791963270261654,0.979196572040707,0.9791978491332182,0.979196572040707,0.9978388619406796,1.1105087054156764e-07,"{'n_estimators': 7, 'max_leaves': 25, 'min_child_weight': 14.596807556069649, 'learning_rate': 1.0, 'subsample': 0.9728097438800569, 'colsample_bylevel': 1.0, 'colsample_bytree': 0.8416347900393352, 'reg_alpha': 0.17635337115936028, 'reg_lambda': 1.5207176194511007}"
41,extra_tree,0.21984450623895888,0.9251351941537811,0.9255775754329584,0.9343233067449421,0.9255775754329584,0.9738212946052277,2.653125013076627e-07,"{'n_estimators': 8, 'max_features': 0.151183059187768, 'max_leaves': 7, 'criterion': 'entropy'}"
42,lgbm,0.004700673453637526,0.9987573760361511,0.9987573647562935,0.9987588544924845,0.9987573647562935,0.999933452799577,3.5672510464134823e-06,"{'n_estimators': 189, 'num_leaves': 20, 'min_child_samples': 3, 'learning_rate': 0.1740206572672412, 'log_max_bin': 8, 'colsample_bytree': 0.6649148062238498, 'reg_alpha': 0.0009765625, 'reg_lambda': 0.006761362450996484}"
43,catboost,0.019539452765595072,0.9937298302256293,0.9937296911265845,0.9937421048141748,0.9937296911265845,0.9997097417417851,2.2614902522899788e-07,"{'early_stopping_rounds': 10, 'learning_rate': 0.09999999999999996, 'n_estimators': 311}"
44,xgboost,0.03868823629728663,0.987687969149563,0.9876879128727013,0.9876883643815815,0.9876879128727013,0.9992106126932543,1.6846543570710727e-07,"{'n_estimators': 70, 'max_leaves': 6, 'min_child_weight': 20.619563748656166, 'learning_rate': 0.36659877136696994, 'subsample': 1.0, 'colsample_bylevel': 0.7271287520577477, 'colsample_bytree': 0.7517943298140125, 'reg_alpha': 0.018299008183187436, 'reg_lambda': 4.995999482971094}"
45,extra_tree,0.1630426119563909,0.9345532733183171,0.9347973576147116,0.940169696998341,0.9347973576147116,0.9834236867300674,2.586567025166753e-07,"{'n_estimators': 4, 'max_features': 0.15212091558824378, 'max_leaves': 23, 'criterion': 'gini'}"
46,catboost,0.04682784168856209,0.9879808392286007,0.987980717728977,0.9879827975756764,0.987980717728977,0.9991932327958362,2.681151221339521e-07,"{'early_stopping_rounds': 10, 'learning_rate': 0.005, 'n_estimators': 1368}"
47,lgbm,0.011824712712161813,0.9980360877304766,0.9980360649883949,0.9980386200523278,0.9980360649883949,0.9996196169124257,1.4541822125966623e-06,"{'n_estimators': 90, 'num_leaves': 9, 'min_child_samples': 3, 'learning_rate': 0.5363595427309009, 'log_max_bin': 9, 'colsample_bytree': 0.8119653279413637, 'reg_alpha': 0.0015564673105246884, 'reg_lambda': 0.0043972540544764465}"
48,extra_tree,0.14277868641987926,0.9414831494014033,0.9416747009462596,0.9464002891326968,0.9416747009462596,0.9904372743158423,2.6902435635098645e-07,"{'n_estimators': 11, 'max_features': 0.12912334292975164, 'max_leaves': 44, 'criterion': 'entropy'}"
49,lgbm,0.0032269379602068967,0.9991930077243705,0.9991930012497768,0.9991941380007557,0.9991930012497768,0.9999695236245565,8.076749684831497e-06,"{'n_estimators': 399, 'num_leaves': 45, 'min_child_samples': 3, 'learning_rate': 0.056460614090194566, 'log_max_bin': 7, 'colsample_bytree': 0.5178642845063358, 'reg_alpha': 0.0009765625, 'reg_lambda': 0.01039649327225154}"
50,catboost,0.021218557307466118,0.9929300200453444,0.9929298339582218,0.9929503534841243,0.9929298339582218,0.9996644929916796,1.491229250226313e-07,"{'early_stopping_rounds': 11, 'learning_rate': 0.2, 'n_estimators': 150}"
51,extra_tree,0.1623303393783328,0.9327451883923031,0.9330191037314766,0.9389187125214632,0.9330191037314766,0.9842286604621344,2.577764139582357e-07,"{'n_estimators': 4, 'max_features': 0.1521209155882438, 'max_leaves': 23, 'criterion': 'entropy'}"
52,lgbm,0.0033673029934960723,0.9991144521333729,0.9991144438493126,0.9991160275943575,0.9991144438493126,0.9999724798950014,1.747220227854994e-05,"{'n_estimators': 797, 'num_leaves': 21, 'min_child_samples': 2, 'learning_rate': 0.06975006104246864, 'log_max_bin': 8, 'colsample_bytree': 0.5680522969353233, 'reg_alpha': 0.004577823970660193, 'reg_lambda': 0.022292694161977773}"
53,lgbm,0.0039507743922036435,0.999043035504119,0.9990430280307088,0.9990441033211592,0.9990430280307088,0.9999366975762272,3.6290874866008164e-06,"{'n_estimators': 200, 'num_leaves': 98, 'min_child_samples': 7, 'learning_rate': 0.04570319933484961, 'log_max_bin': 6, 'colsample_bytree': 0.46767627207734824, 'reg_alpha': 0.0009765625, 'reg_lambda': 0.004848542377812903}"
54,lgbm,0.013384028280000914,0.9976361622111775,0.9976361364042136,0.997638387211515,0.9976361364042136,0.999895975761891,8.742997016763713e-06,"{'n_estimators': 563, 'num_leaves': 16, 'min_child_samples': 3, 'learning_rate': 0.022896122359264102, 'log_max_bin': 7, 'colsample_bytree': 0.7254814150295334, 'reg_alpha': 0.001346442339014509, 'reg_lambda': 0.01848657561493706}"
55,lgbm,0.0034480260716302233,0.9992929881523257,0.9992929833958222,0.9992937645143736,0.9992929833958222,0.9999576373321255,6.035232816375041e-06,"{'n_estimators': 283, 'num_leaves': 128, 'min_child_samples': 3, 'learning_rate': 0.1392288568964623, 'log_max_bin': 7, 'colsample_bytree': 0.3102471539831382, 'reg_alpha': 0.0009765625, 'reg_lambda': 0.005846787128744263}"
56,extra_tree,0.1924385404316817,0.9303902158155293,0.9307123727905731,0.9374727544724613,0.9307123727905731,0.9809992371777592,2.6445094229301966e-07,"{'n_estimators': 13, 'max_features': 0.14131655874395124, 'max_leaves': 8, 'criterion': 'entropy'}"
57,lgbm,0.0007324772574801317,0.9998071777082953,0.9998071772897696,0.9998072524827731,0.9998071772897696,0.9999942198781537,9.076704703959115e-06,"{'n_estimators': 399, 'num_leaves': 45, 'min_child_samples': 3, 'learning_rate': 0.056460614090194566, 'log_max_bin': 7, 'colsample_bytree': 0.5178642845063358, 'reg_alpha': 0.0009765625, 'reg_lambda': 0.01039649327225154}"
58,rf,0.13361665810191597,0.9464348625018765,0.9464809855382967,0.9474980746693211,0.9464809855382967,0.9887021013862002,1.8528797140804236e-07,"{'n_estimators': 4, 'max_features': 0.1516512623919594, 'max_leaves': 13, 'criterion': 'entropy'}"
59,catboost,0.00963991658476589,0.9982646192641299,0.9982645956079271,0.9982682805728097,0.9982645956079271,0.9999235083130555,1.707419266212925e-07,"{'early_stopping_rounds': 10, 'learning_rate': 0.09999999999999996, 'n_estimators': 290}"
60,lgbm,0.0008695697499950012,0.9998357439216861,0.9998357436172112,0.9998357981842853,0.9998357436172112,0.999992548215254,7.843391487926611e-06,"{'n_estimators': 250, 'num_leaves': 259, 'min_child_samples': 2, 'learning_rate': 0.034974587070841584, 'log_max_bin': 8, 'colsample_bytree': 0.4624709279299011, 'reg_alpha': 0.0009765625, 'reg_lambda': 0.017581717901781625}"
61,catboost,0.019666640927160597,0.996886305749824,0.9968862703088734,0.9968887529989436,0.9968862703088734,0.999860631099277,3.4656977572625843e-07,"{'early_stopping_rounds': 11, 'learning_rate': 0.005, 'n_estimators': 2725}"
62,lgbm,0.00428196039728903,0.9993572619097776,0.9993572576325657,0.9993580202051444,0.9993572576325657,0.9999659601444462,7.849100593412972e-06,"{'n_estimators': 636, 'num_leaves': 8, 'min_child_samples': 6, 'learning_rate': 0.09114620672961572, 'log_max_bin': 6, 'colsample_bytree': 0.5732576410827706, 'reg_alpha': 0.0022190759769264894, 'reg_lambda': 0.0061476968839898555}"
63,xgboost,0.11780922229227846,0.9534169166956903,0.9534368862703089,0.9538710618200716,0.9534368862703089,0.9919611818944718,1.1866357875198067e-07,"{'n_estimators': 38, 'max_leaves': 4, 'min_child_weight': 128.0, 'learning_rate': 0.21976819009712747, 'subsample': 0.9827721799620315, 'colsample_bylevel': 0.9179692403864321, 'colsample_bytree': 0.8359678015617814, 'reg_alpha': 0.010148944212063488, 'reg_lambda': 9.585429054197736}"
64,extra_tree,0.07456733616013339,0.981053828122108,0.9810605249062667,0.9814282334674556,0.9810605249062667,0.9965323221089908,2.6240090859019316e-07,"{'n_estimators': 9, 'max_features': 0.11798219428455964, 'max_leaves': 253, 'criterion': 'gini'}"
65,rf,0.15125950003516384,0.9375310260520275,0.9376611319407249,0.9404645350495802,0.9376611319407249,0.9858897418765056,1.935868619957304e-07,"{'n_estimators': 8, 'max_features': 0.151183059187768, 'max_leaves': 7, 'criterion': 'entropy'}"
66,extra_tree,0.08261239603482888,0.9717913371208435,0.9718050348152115,0.9723431144001029,0.9718050348152115,0.9971765877849337,2.599217980658448e-07,"{'n_estimators': 5, 'max_features': 0.1, 'max_leaves': 182, 'criterion': 'entropy'}"
67,extra_tree,0.04935546128144755,0.9888224163740685,0.988823424388502,0.9888783235032049,0.988823424388502,0.9990999271039491,3.4543578698366504e-07,"{'n_estimators': 15, 'max_features': 0.14156234000031248, 'max_leaves': 352, 'criterion': 'gini'}"
68,extra_tree,0.0668660071109216,0.9897295065782249,0.9897304052847706,0.9897830247854252,0.9897304052847706,0.998601689384526,3.323642680994465e-07,"{'n_estimators': 6, 'max_features': 0.15003220194236053, 'max_leaves': 662, 'criterion': 'gini'}"
69,lgbm,0.0006688137421668025,0.9998928764022527,0.9998928762720942,0.9998928994838343,0.9998928762720942,0.9999953885935314,2.874645797764908e-05,"{'n_estimators': 885, 'num_leaves': 93, 'min_child_samples': 2, 'learning_rate': 0.10461932853782105, 'log_max_bin': 6, 'colsample_bytree': 0.41056186994662447, 'reg_alpha': 0.0009765625, 'reg_lambda': 0.017780560438865074}"
70,extra_tree,0.07010228907535554,0.9836624678854826,0.9836672022853062,0.9839525366359831,0.9836672022853062,0.9989934151119257,5.017406407093878e-07,"{'n_estimators': 41, 'max_features': 0.13357063248370513, 'max_leaves': 187, 'criterion': 'entropy'}"
71,extra_tree,0.047185896769915255,0.9930154324411954,0.9930155329405463,0.9930179254985291,0.9930155329405463,0.999330747727935,3.385024504073282e-07,"{'n_estimators': 11, 'max_features': 0.1645606331759019, 'max_leaves': 1324, 'criterion': 'gini'}"
72,xgb_limitdepth,0.08530143860443228,0.9765752652344891,0.9765756114979468,0.9765775987040709,0.9765756114979468,0.9972212793140725,1.0793325284233563e-07,"{'n_estimators': 10, 'max_depth': 6, 'min_child_weight': 0.9999999999999993, 'learning_rate': 0.29999999999999993, 'subsample': 1.0, 'colsample_bylevel': 1.0, 'colsample_bytree': 1.0, 'reg_alpha': 0.0009765625, 'reg_lambda': 1.0}"
73,xgb_limitdepth,0.23311057254954243,0.9691657701387478,0.9691697911087306,0.969258115482963,0.9691697911087306,0.9933221810980815,1.0726069195145816e-07,"{'n_estimators': 10, 'max_depth': 6, 'min_child_weight': 3.815612027960909, 'learning_rate': 0.11577408576396249, 'subsample': 1.0, 'colsample_bylevel': 0.8148474110627004, 'colsample_bytree': 0.9777234800442423, 'reg_alpha': 0.0009765625, 'reg_lambda': 5.525802807180917}"
74,xgb_limitdepth,0.038516725945380796,0.9867095365608269,0.986709516157829,0.9867095933024186,0.986709516157829,0.998867692309872,1.1034595862049606e-07,"{'n_estimators': 11, 'max_depth': 6, 'min_child_weight': 0.26208115308159446, 'learning_rate': 0.7773760371858148, 'subsample': 0.9266743941610592, 'colsample_bylevel': 1.0, 'colsample_bytree': 1.0, 'reg_alpha': 0.0013933617380144255, 'reg_lambda': 0.18096917948292954}"
75,xgb_limitdepth,0.0497198947762384,0.982381953296748,0.9823817175504375,0.9823856188900285,0.9823817175504375,0.9983408440686978,1.0579638216372494e-07,"{'n_estimators': 11, 'max_depth': 5, 'min_child_weight': 1.8630223791106992, 'learning_rate': 1.0, 'subsample': 0.8513627344387318, 'colsample_bylevel': 1.0, 'colsample_bytree': 0.946138073111236, 'reg_alpha': 0.0018311776973217071, 'reg_lambda': 0.2790165919053837}"
76,xgb_limitdepth,0.09831972598580288,0.9839241190654354,0.98392429923228,0.9839255579554639,0.98392429923228,0.9979295786770412,1.1290169000583043e-07,"{'n_estimators': 11, 'max_depth': 7, 'min_child_weight': 0.03686833371983711, 'learning_rate': 0.20037430545841062, 'subsample': 1.0, 'colsample_bylevel': 0.9168331919232143, 'colsample_bytree': 1.0, 'reg_alpha': 0.001060223120782963, 'reg_lambda': 0.11737597287343539}"
77,extra_tree,0.046843375889706475,0.9906297295061527,0.9906302445991787,0.9906555062599077,0.9906302445991787,0.9993673212453921,3.4374501998457307e-07,"{'n_estimators': 14, 'max_features': 0.14156234000031248, 'max_leaves': 352, 'criterion': 'entropy'}"
78,xgb_limitdepth,0.1533794690536818,0.9706896776860756,0.970690948044992,0.9707058786008264,0.970690948044992,0.9945813005277583,1.0002768267437595e-07,"{'n_estimators': 4, 'max_depth': 6, 'min_child_weight': 0.08262716617929555, 'learning_rate': 0.41239927569263224, 'subsample': 0.8885937069868678, 'colsample_bylevel': 0.8184166881476597, 'colsample_bytree': 0.8648827061331837, 'reg_alpha': 0.0018753066867999496, 'reg_lambda': 0.41314951749877393}"
79,xgb_limitdepth,0.02793042931758683,0.9902163262216386,0.9902160328512766,0.9902492070097997,0.9902160328512766,0.9995257885325817,1.354282231357263e-07,"{'n_estimators': 32, 'max_depth': 6, 'min_child_weight': 0.8312826637613695, 'learning_rate': 1.0, 'subsample': 0.9647550813352507, 'colsample_bylevel': 1.0, 'colsample_bytree': 1.0, 'reg_alpha': 0.0010352743615901622, 'reg_lambda': 0.0792687454193188}"
80,xgb_limitdepth,0.025683928786743977,0.991530268632182,0.9915300839135869,0.9915420085287532,0.9915300839135869,0.999487802630344,1.5467368072962e-07,"{'n_estimators': 62, 'max_depth': 5, 'min_child_weight': 1.6931625792034866, 'learning_rate': 1.0, 'subsample': 1.0, 'colsample_bylevel': 0.8811171114303163, 'colsample_bytree': 0.8499027725496043, 'reg_alpha': 0.0016804960453779686, 'reg_lambda': 0.3541743469020695}"
81,rf,0.11112446319979356,0.9618432320692657,0.9618639528655597,0.9624659317529979,0.9618639528655597,0.9911195889409945,1.8562340051058126e-07,"{'n_estimators': 4, 'max_features': 0.15212091558824378, 'max_leaves': 23, 'criterion': 'gini'}"
82,xgb_limitdepth,0.02336122765648309,0.9923657124055947,0.9923656489912516,0.9923669785974765,0.9923656489912516,0.9995316456268225,1.4087852038053334e-07,"{'n_estimators': 32, 'max_depth': 6, 'min_child_weight': 0.8312826637613695, 'learning_rate': 0.38946718731417634, 'subsample': 0.9079647052885418, 'colsample_bylevel': 1.0, 'colsample_bytree': 1.0, 'reg_alpha': 0.001035274361590162, 'reg_lambda': 0.07926874541931875}"
83,rf,0.07691483141157966,0.9777352343756125,0.977739689341189,0.9779086886624777,0.977739689341189,0.9977517867280092,2.6798571801317563e-07,"{'n_estimators': 11, 'max_features': 0.12912334292975164, 'max_leaves': 44, 'criterion': 'entropy'}"
84,xgboost,0.020288270278985682,0.9927300138761832,0.9927298696661311,0.9927391510827002,0.9927298696661311,0.999648764608655,2.3612335864358067e-07,"{'n_estimators': 128, 'max_leaves': 11, 'min_child_weight': 2.960404027068085, 'learning_rate': 0.6115291712980646, 'subsample': 1.0, 'colsample_bylevel': 0.5362882637290634, 'colsample_bytree': 0.6676208580662436, 'reg_alpha': 0.032993944344510105, 'reg_lambda': 2.6039534268856386}"
85,xgboost,0.0347645046667737,0.9881881982274867,0.988187823602928,0.9882322155544405,0.988187823602928,0.9991534528093953,1.4439116118529337e-07,"{'n_estimators': 59, 'max_leaves': 5, 'min_child_weight': 4.043102503713952, 'learning_rate': 1.0, 'subsample': 1.0, 'colsample_bylevel': 0.6885319215674311, 'colsample_bytree': 0.702084749281336, 'reg_alpha': 0.02113405419340437, 'reg_lambda': 6.428622518296678}"
86,xgb_limitdepth,0.021408994228687795,0.9927085225712022,0.9927084449205499,0.9927106710801652,0.9927084449205499,0.9996274181079757,1.491058981646344e-07,"{'n_estimators': 31, 'max_depth': 8, 'min_child_weight': 1.198219708065302, 'learning_rate': 0.4743416464891248, 'subsample': 0.9418540842995652, 'colsample_bylevel': 1.0, 'colsample_bytree': 0.9468117873770695, 'reg_alpha': 0.026629132162083402, 'reg_lambda': 0.4001243226017502}"
87,xgboost,0.015507785020511304,0.9950580966908461,0.9950580253526156,0.9950623099463634,0.9950580253526156,0.999754031831066,4.387242392628688e-07,"{'n_estimators': 277, 'max_leaves': 25, 'min_child_weight': 2.167640319638298, 'learning_rate': 0.1906768170793791, 'subsample': 0.8895588746662894, 'colsample_bylevel': 0.38404460589069533, 'colsample_bytree': 0.6331569668511512, 'reg_alpha': 0.05150930121814331, 'reg_lambda': 1.05474748752024}"
88,xgboost,0.03520174226348756,0.9894447174220492,0.9894447420103553,0.9894447719719383,0.9894447420103553,0.9993709795510037,1.7180610524609863e-07,"{'n_estimators': 122, 'max_leaves': 4, 'min_child_weight': 3.1674091372436206, 'learning_rate': 0.3287452722016841, 'subsample': 0.937812919568431, 'colsample_bylevel': 0.5007303637080798, 'colsample_bytree': 0.6907687602151568, 'reg_alpha': 0.07420004486208959, 'reg_lambda': 0.34735761186224456}"
89,rf,0.10670994308254787,0.9613713124101883,0.9613926084627745,0.962005265957222,0.9613926084627745,0.993610652413336,1.8462222126036367e-07,"{'n_estimators': 4, 'max_features': 0.1521209155882438, 'max_leaves': 23, 'criterion': 'entropy'}"
90,rf,0.14571335307744113,0.9362546257633104,0.9364470630244599,0.9407042921335096,0.9364470630244599,0.9873772527344438,2.6832455248731394e-07,"{'n_estimators': 13, 'max_features': 0.14131655874395124, 'max_leaves': 8, 'criterion': 'entropy'}"
91,xgb_limitdepth,0.0235461765659833,0.9921729577757467,0.9921728262810212,0.9921790166677948,0.9921728262810212,0.9995492844963065,1.398296659279244e-07,"{'n_estimators': 32, 'max_depth': 6, 'min_child_weight': 0.8312826637613695, 'learning_rate': 0.389467187314176, 'subsample': 0.9079647052885418, 'colsample_bylevel': 0.9722620955509288, 'colsample_bytree': 1.0, 'reg_alpha': 0.0010352743615901622, 'reg_lambda': 0.07926874541931875}"
92,rf,0.07346320996405814,0.9876588987457089,0.9876593465452598,0.9876716566263174,0.9876593465452598,0.9983155925324714,2.682019591097363e-07,"{'n_estimators': 9, 'max_features': 0.11798219428455964, 'max_leaves': 253, 'criterion': 'gini'}"
93,xgb_limitdepth,0.02961090911220794,0.9902375706456773,0.9902374575968577,0.9902401736605639,0.9902374575968577,0.9992610014038062,1.202436711740928e-07,"{'n_estimators': 16, 'max_depth': 7, 'min_child_weight': 0.23395253390513732, 'learning_rate': 0.7395932218811868, 'subsample': 0.7704850949571997, 'colsample_bylevel': 0.9559873420149136, 'colsample_bytree': 1.0, 'reg_alpha': 0.07504109678964582, 'reg_lambda': 1.156013397308273}"
94,xgboost,0.01529064436711469,0.9951437859261706,0.9951437243349401,0.9951469210484984,0.9951437243349401,0.9997734591737768,9.546976305718635e-07,"{'n_estimators': 628, 'max_leaves': 177, 'min_child_weight': 1.483440992852138, 'learning_rate': 0.1105951983066625, 'subsample': 0.8413048297641477, 'colsample_bylevel': 0.2673588480733109, 'colsample_bytree': 0.5755451734871456, 'reg_alpha': 0.03575750010546155, 'reg_lambda': 3.2027289008177897}"
95,xgb_limitdepth,0.024049569881854294,0.9918801573746673,0.9918800214247456,0.9918861701025596,0.9918800214247456,0.9995785908811505,1.8447068222419127e-07,"{'n_estimators': 61, 'max_depth': 9, 'min_child_weight': 6.136845131920026, 'learning_rate': 0.3042212812898913, 'subsample': 1.0, 'colsample_bylevel': 1.0, 'colsample_bytree': 0.8481188761562112, 'reg_alpha': 0.009449631069405528, 'reg_lambda': 0.1384927492279018}"
96,lgbm,0.0007205037794502355,0.9998143192599742,0.9998143188716301,0.999814388598934,0.9998143188716301,0.9999959637696225,8.973457242437525e-06,"{'n_estimators': 399, 'num_leaves': 45, 'min_child_samples': 3, 'learning_rate': 0.056460614090194525, 'log_max_bin': 7, 'colsample_bytree': 0.5178642845063358, 'reg_alpha': 0.004996244283600559, 'reg_lambda': 0.01039649327225154}"
97,xgb_limitdepth,0.03129859915498152,0.9895019640874694,0.9895018746652383,0.9895033197397543,0.9895018746652383,0.9992119240294508,1.1431321653377327e-07,"{'n_estimators': 10, 'max_depth': 9, 'min_child_weight': 1.008151181343926, 'learning_rate': 1.0, 'subsample': 0.9146638281796221, 'colsample_bylevel': 1.0, 'colsample_bytree': 0.9917320174897308, 'reg_alpha': 0.08266756022347568, 'reg_lambda': 0.22075372898537426}"
98,catboost,0.007571564145879494,0.9990858855647432,0.9990858775218711,0.999087265055097,0.9990858775218711,0.9999646361580484,1.6503622650653202e-07,"{'early_stopping_rounds': 10, 'learning_rate': 0.09999999999999996, 'n_estimators': 268}"
99,extra_tree,0.04973039147520263,0.9904300355280735,0.990430280307088,0.990437048667433,0.990430280307088,0.9990380645587413,3.309867952874975e-07,"{'n_estimators': 7, 'max_features': 0.10368818553641597, 'max_leaves': 466, 'criterion': 'entropy'}"
100,rf,0.08858237218471585,0.9863235134435713,0.9863238707373684,0.9863306561911028,0.9863238707373684,0.9977828925529884,2.6054838644013066e-07,"{'n_estimators': 5, 'max_features': 0.1, 'max_leaves': 182, 'criterion': 'entropy'}"
101,rf,0.06307740869455986,0.9888584407759574,0.988859132297804,0.9888896196897029,0.988859132297804,0.9987155123257876,3.472048775295427e-07,"{'n_estimators': 15, 'max_features': 0.14156234000031248, 'max_leaves': 352, 'criterion': 'gini'}"
102,xgb_limitdepth,0.017202944062138428,0.994458185083441,0.9944581324763435,0.9944598482855191,0.9944581324763435,0.9997331302298074,2.572111222727387e-07,"{'n_estimators': 99, 'max_depth': 7, 'min_child_weight': 1.424122190564894, 'learning_rate': 0.1738930648110986, 'subsample': 0.9690443404195083, 'colsample_bylevel': 0.8182737361783602, 'colsample_bytree': 0.9018915572644082, 'reg_alpha': 0.008577859051225916, 'reg_lambda': 0.7252401772479985}"
103,catboost,0.007765064264401672,0.9991787252545994,0.9991787180860561,0.9991800804525579,0.9991787180860561,0.999964652480889,5.939223472187933e-07,"{'early_stopping_rounds': 11, 'learning_rate': 0.005, 'n_estimators': 4802}"
104,lgbm,0.0025348888252536444,0.9996000731830875,0.9996000714158186,0.9996003947443981,0.9996000714158186,0.9999876697263081,1.0378041920375023e-05,"{'n_estimators': 557, 'num_leaves': 27, 'min_child_samples': 2, 'learning_rate': 0.03719938808113552, 'log_max_bin': 5, 'colsample_bytree': 0.3655535168058133, 'reg_alpha': 0.0009765625, 'reg_lambda': 0.0023281628118351112}"
105,extra_tree,0.05437123904576824,0.9884364198806441,0.9884377789680414,0.9885195240066692,0.9884377789680414,0.9992074712095791,4.273060282901491e-07,"{'n_estimators': 27, 'max_features': 0.19327077624794511, 'max_leaves': 266, 'criterion': 'gini'}"
106,rf,0.09205609409009795,0.9852289106402524,0.9852312087127298,0.9853527704378822,0.9852312087127298,0.997622210205338,2.623600441310006e-07,"{'n_estimators': 6, 'max_features': 0.15003220194236053, 'max_leaves': 662, 'criterion': 'gini'}"
107,extra_tree,0.04252722698885655,0.9934010447337287,0.9934011783610069,0.9934057277837972,0.9934011783610069,0.9995281591191068,3.4429498749787284e-07,"{'n_estimators': 14, 'max_features': 0.21865164132633674, 'max_leaves': 545, 'criterion': 'entropy'}"
108,xgb_limitdepth,0.05785197164880158,0.984252404046369,0.9842528119978575,0.9842593711171146,0.9842528119978575,0.9985992317258487,1.6369621278217618e-07,"{'n_estimators': 54, 'max_depth': 6, 'min_child_weight': 9.919179282873362, 'learning_rate': 0.10424520513660626, 'subsample': 0.9518165203815397, 'colsample_bylevel': 1.0, 'colsample_bytree': 0.9860650290121771, 'reg_alpha': 0.004757427949008745, 'reg_lambda': 1.3914609659107342}"
109,rf,0.04470425161632158,0.9926582400431286,0.9926584538475273,0.9926671414642808,0.9926584538475273,0.9995497349556947,4.4003871270022933e-07,"{'n_estimators': 41, 'max_features': 0.13357063248370513, 'max_leaves': 187, 'criterion': 'entropy'}"
110,xgb_limitdepth,0.016960567431590343,0.9939082419651367,0.9939082306730941,0.9939083068953329,0.9939082306730941,0.9997517565801309,3.602985313291572e-07,"{'n_estimators': 181, 'max_depth': 8, 'min_child_weight': 0.20446490136146075, 'learning_rate': 0.29007375398965357, 'subsample': 0.9862721604574767, 'colsample_bylevel': 0.6274332478496758, 'colsample_bytree': 0.8177180855166394, 'reg_alpha': 0.015466270155080194, 'reg_lambda': 0.37800076867441995}"
111,rf,0.04566154911911385,0.9914084431081832,0.9914086770219603,0.9914163103536624,0.9914086770219603,0.9994636382973106,4.3042875404678015e-07,"{'n_estimators': 31, 'max_features': 0.1552705885984626, 'max_leaves': 703, 'criterion': 'entropy'}"
112,lgbm,0.0006574344846310828,0.9998571685934564,0.9998571683627924,0.9998572096251278,0.9998571683627924,0.9999950668295386,2.907069362374081e-05,"{'n_estimators': 1406, 'num_leaves': 325, 'min_child_samples': 2, 'learning_rate': 0.2942307513185962, 'log_max_bin': 7, 'colsample_bytree': 0.45557022308743556, 'reg_alpha': 0.0030765362612518886, 'reg_lambda': 0.13579305017372825}"
113,extra_tree,0.04939891194791372,0.9893726156905805,0.9893733261917514,0.9894077678088129,0.9893733261917514,0.9990822593124322,3.413374222638117e-07,"{'n_estimators': 14, 'max_features': 0.1415623400003125, 'max_leaves': 352, 'criterion': 'gini'}"
114,rf,0.08131757919367756,0.975973729805713,0.9759828602035351,0.9763807942199468,0.9759828602035351,0.9968106811185201,5.069287243410427e-07,"{'n_estimators': 54, 'max_features': 0.1149033698083996, 'max_leaves': 50, 'criterion': 'gini'}"
115,xgb_limitdepth,0.024078363259406477,0.9921872433606665,0.992187109444742,0.9921936023193313,0.992187109444742,0.9996039905981631,1.977720636913679e-07,"{'n_estimators': 84, 'max_depth': 7, 'min_child_weight': 0.2792431529810024, 'learning_rate': 0.9303100665812158, 'subsample': 1.0, 'colsample_bylevel': 0.7796769056880438, 'colsample_bytree': 0.8521819767317318, 'reg_alpha': 0.009906817694007683, 'reg_lambda': 0.9332057280072676}"
116,rf,0.04666369539526174,0.9913511940700026,0.9913515443670773,0.9913667861515103,0.9913515443670773,0.9994036063586615,3.5083670634028103e-07,"{'n_estimators': 21, 'max_features': 0.1, 'max_leaves': 248, 'criterion': 'entropy'}"
117,rf,0.04834125434563768,0.9902726744653877,0.9902731655061596,0.9902950778776425,0.9902731655061596,0.9990493809289955,7.213445417243782e-07,"{'n_estimators': 80, 'max_features': 0.18235993996706823, 'max_leaves': 141, 'criterion': 'gini'}"
118,extra_tree,0.03814413002679646,0.9930725267553876,0.9930726655954294,0.9930771150504807,0.9930726655954294,0.9995893440113905,3.4829629912714386e-07,"{'n_estimators': 17, 'max_features': 0.23048196178777525, 'max_leaves': 367, 'criterion': 'entropy'}"
119,extra_tree,0.04394833278218385,0.9936223838189459,0.9936225673986788,0.9936311427402322,0.9936225673986788,0.999450062080802,3.418907951487109e-07,"{'n_estimators': 14, 'max_features': 0.21865164132633677, 'max_leaves': 545, 'criterion': 'gini'}"
120,lgbm,0.0005309807657935326,0.9999071595337016,0.999907159435815,0.9999071768709146,0.999907159435815,0.9999931062523626,1.676414038874894e-05,"{'n_estimators': 549, 'num_leaves': 743, 'min_child_samples': 2, 'learning_rate': 0.34963748896822755, 'log_max_bin': 6, 'colsample_bytree': 0.39701580008553367, 'reg_alpha': 0.0009765625, 'reg_lambda': 0.13107155388231867}"
121,extra_tree,0.05427059412371497,0.9887793068168681,0.9887805748973397,0.9888577962992884,0.9887805748973397,0.9992770135492108,4.975452228989522e-07,"{'n_estimators': 36, 'max_features': 0.19473037033288632, 'max_leaves': 262, 'criterion': 'gini'}"
122,extra_tree,0.050260654409365106,0.9923296967971073,0.9923299410819496,0.9923400811062816,0.9923299410819496,0.999240798369111,2.6068460130410584e-07,"{'n_estimators': 8, 'max_features': 0.27279737936476456, 'max_leaves': 514, 'criterion': 'entropy'}"
123,extra_tree,0.05499440201920023,0.988893596516397,0.9888948402071058,0.9889710462072261,0.9888948402071058,0.9991336064797731,3.762050220698592e-07,"{'n_estimators': 24, 'max_features': 0.15706485591157104, 'max_leaves': 259, 'criterion': 'entropy'}"
124,rf,0.026816795571224628,0.9968862415360574,0.9968862703088734,0.9968873555066752,0.9968862703088734,0.9998712755296013,5.005760036224e-07,"{'n_estimators': 41, 'max_features': 0.13357063248370513, 'max_leaves': 187, 'criterion': 'entropy'}"
125,lgbm,0.0006538428394028238,0.9998643101529586,0.9998643099446527,0.9998643471844485,0.9998643099446527,0.999994474922536,1.2871756380827294e-05,"{'n_estimators': 1405, 'num_leaves': 325, 'min_child_samples': 4, 'learning_rate': 0.2942307513185962, 'log_max_bin': 7, 'colsample_bytree': 0.45557022308743556, 'reg_alpha': 0.007704104902643932, 'reg_lambda': 0.13579305017372817}"
126,lgbm,0.0006201978282666219,0.9998928764022527,0.9998928762720942,0.9998928994838343,0.9998928762720942,0.9999915961855834,1.057731064488432e-05,"{'n_estimators': 304, 'num_leaves': 2292, 'min_child_samples': 2, 'learning_rate': 0.14331681356043768, 'log_max_bin': 5, 'colsample_bytree': 0.5088464742572576, 'reg_alpha': 0.0024737385712432494, 'reg_lambda': 0.07401542965650536}"
127,lgbm,0.0009330978367542366,0.9998357439216861,0.9998357436172112,0.9998357981842853,0.9998357436172112,0.999997403852223,2.757867262461764e-05,"{'n_estimators': 991, 'num_leaves': 241, 'min_child_samples': 3, 'learning_rate': 0.8529799864721058, 'log_max_bin': 7, 'colsample_bytree': 0.28518512591380973, 'reg_alpha': 0.0009765625, 'reg_lambda': 0.23211041693406706}"
128,rf,0.5619494098271556,0.983246262901511,0.9832458489555437,0.9832630471528918,0.9832458489555437,0.9844327249410645,2.1123690299531474e-07,"{'n_estimators': 1, 'max_features': 0.20630796315951377, 'max_leaves': 290, 'criterion': 'entropy'}"
129,extra_tree,0.042519171732543354,0.9899795350701625,0.9899803606498839,0.9900283548620612,0.9899803606498839,0.9994317117905178,2.5805735711518453e-07,"{'n_estimators': 4, 'max_features': 0.23048196178777525, 'max_leaves': 367, 'criterion': 'entropy'}"
130,xgb_limitdepth,0.6145983126877705,0.9648430911117436,0.9648419925013391,0.9648831281058319,0.9648419925013391,0.9906271857698887,9.699860463672782e-08,"{'n_estimators': 392, 'max_depth': 9, 'min_child_weight': 0.14971144481954782, 'learning_rate': 0.09044595536073821, 'subsample': 0.875831035123766, 'colsample_bylevel': 0.47518959001130784, 'colsample_bytree': 0.7832541943015469, 'reg_alpha': 0.02414554500731472, 'reg_lambda': 0.15311155603766244}"
131,extra_tree,0.12364066458392504,0.9573021128114709,0.9573290483842171,0.9580454581049788,0.9573290483842171,0.987995380849976,1.940363710468485e-07,"{'n_estimators': 1, 'max_features': 0.2713284585216111, 'max_leaves': 99, 'criterion': 'entropy'}"
132,lrl1,0.12324876363619798,0.9484955003662552,0.9485377611140867,0.9495026477680143,0.9485377611140867,0.9907059141960664,8.934503196712222e-08,{'C': 1.0}
